valid_time,number,tcc_frac,cloudcover_pct
2023-01-01 00:00:00+00:00,0.0,0.747776,74.777596
2023-01-02 00:00:00+00:00,0.0,0.54611576,54.611576
2023-01-03 00:00:00+00:00,0.0,0.20363106,20.363108
2023-01-04 00:00:00+00:00,0.0,0.12962455,12.962455
2023-01-05 00:00:00+00:00,0.0,0.04253893,4.2538934
2023-01-06 00:00:00+00:00,0.0,0.50535446,50.535446
2023-01-07 00:00:00+00:00,0.0,0.85449004,85.449005
2023-01-08 00:00:00+00:00,0.0,0.9950389,99.5039
2023-01-09 00:00:00+00:00,0.0,0.6083104,60.831036
2023-01-10 00:00:00+00:00,0.0,0.86439055,86.43906
2023-01-11 00:00:00+00:00,0.0,0.54220486,54.220486
2023-01-12 00:00:00+00:00,0.0,0.6200792,62.00792
2023-01-13 00:00:00+00:00,0.0,0.76060146,76.06015
2023-01-14 00:00:00+00:00,0.0,0.8727617,87.27618
2023-01-15 00:00:00+00:00,0.0,0.54372483,54.372482
2023-01-16 00:00:00+00:00,0.0,0.9110485,91.10485
2023-01-17 00:00:00+00:00,0.0,0.74608105,74.6081
2023-01-18 00:00:00+00:00,0.0,0.3719367,37.193672
2023-01-19 00:00:00+00:00,0.0,0.6146391,61.463913
2023-01-20 00:00:00+00:00,0.0,0.701032,70.103195
2023-01-21 00:00:00+00:00,0.0,0.6359311,63.59311
2023-01-22 00:00:00+00:00,0.0,0.060740065,6.0740066
2023-01-23 00:00:00+00:00,0.0,0.005133371,0.5133371
2023-01-24 00:00:00+00:00,0.0,0.06269138,6.269138
2023-01-25 00:00:00+00:00,0.0,0.0074857674,0.7485767
2023-01-26 00:00:00+00:00,0.0,0.3650701,36.50701
2023-01-27 00:00:00+00:00,0.0,0.035339925,3.5339925
2023-01-28 00:00:00+00:00,0.0,0.016662179,1.6662178
2023-01-29 00:00:00+00:00,0.0,0.009864253,0.9864254
2023-01-30 00:00:00+00:00,0.0,0.031526107,3.152611
2023-01-31 00:00:00+00:00,0.0,0.0054278206,0.54278207
2023-02-01 00:00:00+00:00,0.0,0.014577259,1.457726
2023-02-02 00:00:00+00:00,0.0,0.00079477346,0.07947735
2023-02-03 00:00:00+00:00,0.0,0.0017338173,0.17338173
2023-02-04 00:00:00+00:00,0.0,0.004408982,0.4408982
2023-02-05 00:00:00+00:00,0.0,0.0066057392,0.6605739
2023-02-06 00:00:00+00:00,0.0,0.006822115,0.68221146
2023-02-07 00:00:00+00:00,0.0,0.22353356,22.353355
2023-02-08 00:00:00+00:00,0.0,0.59392226,59.392227
2023-02-09 00:00:00+00:00,0.0,0.18470354,18.470356
2023-02-10 00:00:00+00:00,0.0,0.36370113,36.370113
2023-02-11 00:00:00+00:00,0.0,0.6419913,64.199135
2023-02-12 00:00:00+00:00,0.0,0.58334684,58.334682
2023-02-13 00:00:00+00:00,0.0,0.71867305,71.8673
2023-02-14 00:00:00+00:00,0.0,0.58383816,58.383816
2023-02-15 00:00:00+00:00,0.0,0.543446,54.3446
2023-02-16 00:00:00+00:00,0.0,0.089032374,8.903237
2023-02-17 00:00:00+00:00,0.0,0.24331713,24.331713
2023-02-18 00:00:00+00:00,0.0,0.49827862,49.82786
2023-02-19 00:00:00+00:00,0.0,0.5454505,54.545044
2023-02-20 00:00:00+00:00,0.0,0.7459915,74.59915
2023-02-21 00:00:00+00:00,0.0,0.46394405,46.394405
2023-02-22 00:00:00+00:00,0.0,0.5983214,59.83214
2023-02-23 00:00:00+00:00,0.0,0.24958609,24.958609
2023-02-24 00:00:00+00:00,0.0,0.39705026,39.70503
2023-02-25 00:00:00+00:00,0.0,0.6816183,68.16183
2023-02-26 00:00:00+00:00,0.0,0.38023937,38.023937
2023-02-27 00:00:00+00:00,0.0,0.27991942,27.991941
2023-02-28 00:00:00+00:00,0.0,0.2358632,23.586319
2023-03-01 00:00:00+00:00,0.0,0.16061626,16.061626
2023-03-02 00:00:00+00:00,0.0,0.056102514,5.610251
2023-03-03 00:00:00+00:00,0.0,0.40748653,40.748653
2023-03-04 00:00:00+00:00,0.0,0.54822284,54.822285
2023-03-05 00:00:00+00:00,0.0,0.89300865,89.300865
2023-03-06 00:00:00+00:00,0.0,0.9835717,98.35717
2023-03-07 00:00:00+00:00,0.0,0.91731626,91.73163
2023-03-08 00:00:00+00:00,0.0,0.98609996,98.60999
2023-03-09 00:00:00+00:00,0.0,0.853218,85.3218
2023-03-10 00:00:00+00:00,0.0,0.8492132,84.92132
2023-03-11 00:00:00+00:00,0.0,0.88738704,88.7387
2023-03-12 00:00:00+00:00,0.0,0.9149134,91.49134
2023-03-13 00:00:00+00:00,0.0,0.51404876,51.404877
2023-03-14 00:00:00+00:00,0.0,0.39840162,39.84016
2023-03-15 00:00:00+00:00,0.0,0.13067828,13.067828
2023-03-16 00:00:00+00:00,0.0,0.8490412,84.90412
2023-03-17 00:00:00+00:00,0.0,0.6956673,69.566734
2023-03-18 00:00:00+00:00,0.0,0.60122466,60.122467
2023-03-19 00:00:00+00:00,0.0,0.3884431,38.84431
2023-03-20 00:00:00+00:00,0.0,0.6545861,65.45861
2023-03-21 00:00:00+00:00,0.0,0.4045619,40.456192
2023-03-22 00:00:00+00:00,0.0,0.6693868,66.93868
2023-03-23 00:00:00+00:00,0.0,0.7103863,71.03863
2023-03-24 00:00:00+00:00,0.0,0.6856992,68.56992
2023-03-25 00:00:00+00:00,0.0,0.6753251,67.53251
2023-03-26 00:00:00+00:00,0.0,0.7026246,70.26247
2023-03-27 00:00:00+00:00,0.0,0.39687514,39.687515
2023-03-28 00:00:00+00:00,0.0,0.60992616,60.99262
2023-03-29 00:00:00+00:00,0.0,0.49181107,49.18111
2023-03-30 00:00:00+00:00,0.0,0.8305355,83.05355
2023-03-31 00:00:00+00:00,0.0,0.9564557,95.64557
2023-04-01 00:00:00+00:00,0.0,0.7517429,75.17429
2023-04-02 00:00:00+00:00,0.0,0.40851855,40.851856
2023-04-03 00:00:00+00:00,0.0,0.6330932,63.309322
2023-04-04 00:00:00+00:00,0.0,0.39696494,39.696495
2023-04-05 00:00:00+00:00,0.0,0.12267405,12.2674055
2023-04-06 00:00:00+00:00,0.0,0.14838032,14.838032
2023-04-07 00:00:00+00:00,0.0,0.102977045,10.297705
2023-04-08 00:00:00+00:00,0.0,0.19702667,19.702667
2023-04-09 00:00:00+00:00,0.0,0.2783146,27.831459
2023-04-10 00:00:00+00:00,0.0,0.46969435,46.969437
2023-04-11 00:00:00+00:00,0.0,0.2358492,23.58492
2023-04-12 00:00:00+00:00,0.0,0.71045095,71.0451
2023-04-13 00:00:00+00:00,0.0,0.7369504,73.695045
2023-04-14 00:00:00+00:00,0.0,0.730153,73.0153
2023-04-15 00:00:00+00:00,0.0,0.23673695,23.673697
2023-04-16 00:00:00+00:00,0.0,1.4944638e-05,0.0014944636
2023-04-17 00:00:00+00:00,0.0,0.23982549,23.98255
2023-04-18 00:00:00+00:00,0.0,0.3768444,37.68444
2023-04-19 00:00:00+00:00,0.0,0.2241773,22.41773
2023-04-20 00:00:00+00:00,0.0,0.24695437,24.695436
2023-04-21 00:00:00+00:00,0.0,0.81574196,81.574196
2023-04-22 00:00:00+00:00,0.0,0.53397554,53.397556
2023-04-23 00:00:00+00:00,0.0,0.4585719,45.85719
2023-04-24 00:00:00+00:00,0.0,0.3766967,37.66967
2023-04-25 00:00:00+00:00,0.0,0.36126184,36.126186
2023-04-26 00:00:00+00:00,0.0,0.6008232,60.082325
2023-04-27 00:00:00+00:00,0.0,0.8324854,83.248535
2023-04-28 00:00:00+00:00,0.0,0.77449876,77.449875
2023-04-29 00:00:00+00:00,0.0,0.8064358,80.64358
2023-04-30 00:00:00+00:00,0.0,0.58836156,58.836163
2023-05-01 00:00:00+00:00,0.0,0.49806032,49.80603
2023-05-02 00:00:00+00:00,0.0,0.92703456,92.70345
2023-05-03 00:00:00+00:00,0.0,0.5580198,55.801975
2023-05-04 00:00:00+00:00,0.0,0.4690294,46.90294
2023-05-05 00:00:00+00:00,0.0,0.4330702,43.307022
2023-05-06 00:00:00+00:00,0.0,0.38850367,38.850365
2023-05-07 00:00:00+00:00,0.0,0.3325729,33.25729
2023-05-08 00:00:00+00:00,0.0,0.81607884,81.60789
2023-05-09 00:00:00+00:00,0.0,0.74224216,74.22422
2023-05-10 00:00:00+00:00,0.0,0.49796298,49.7963
2023-05-11 00:00:00+00:00,0.0,0.05749166,5.749166
2023-05-12 00:00:00+00:00,0.0,0.056957155,5.6957154
2023-05-13 00:00:00+00:00,0.0,0.04371151,4.371151
2023-05-14 00:00:00+00:00,0.0,0.18172298,18.172298
2023-05-15 00:00:00+00:00,0.0,0.3346884,33.468838
2023-05-16 00:00:00+00:00,0.0,0.48710468,48.71047
2023-05-17 00:00:00+00:00,0.0,0.5859102,58.591022
2023-05-18 00:00:00+00:00,0.0,0.23750001,23.750002
2023-05-19 00:00:00+00:00,0.0,0.08010205,8.010204
2023-05-20 00:00:00+00:00,0.0,0.85078305,85.07831
2023-05-21 00:00:00+00:00,0.0,0.8496856,84.96856
2023-05-22 00:00:00+00:00,0.0,0.8330346,83.30346
2023-05-23 00:00:00+00:00,0.0,0.7851425,78.51425
2023-05-24 00:00:00+00:00,0.0,0.2998683,29.98683
2023-05-25 00:00:00+00:00,0.0,0.1891708,18.917078
2023-05-26 00:00:00+00:00,0.0,0.4847503,48.475033
2023-05-27 00:00:00+00:00,0.0,0.70866984,70.86698
2023-05-28 00:00:00+00:00,0.0,0.86441535,86.44153
2023-05-29 00:00:00+00:00,0.0,0.71996886,71.99689
2023-05-30 00:00:00+00:00,0.0,0.5885891,58.858906
2023-05-31 00:00:00+00:00,0.0,0.4909065,49.090652
2023-06-01 00:00:00+00:00,0.0,0.7321871,73.21871
2023-06-02 00:00:00+00:00,0.0,0.60567135,60.567135
2023-06-03 00:00:00+00:00,0.0,0.45005846,45.005848
2023-06-04 00:00:00+00:00,0.0,0.44424605,44.424606
2023-06-05 00:00:00+00:00,0.0,0.45747086,45.747086
2023-06-06 00:00:00+00:00,0.0,0.8926936,89.269356
2023-06-07 00:00:00+00:00,0.0,0.7811753,78.11753
2023-06-08 00:00:00+00:00,0.0,0.69443464,69.44347
2023-06-09 00:00:00+00:00,0.0,0.8684829,86.8483
2023-06-10 00:00:00+00:00,0.0,0.65452075,65.45207
2023-06-11 00:00:00+00:00,0.0,0.5288216,52.882156
2023-06-12 00:00:00+00:00,0.0,0.5532326,55.32326
2023-06-13 00:00:00+00:00,0.0,0.52722496,52.722492
2023-06-14 00:00:00+00:00,0.0,0.29152682,29.152681
2023-06-15 00:00:00+00:00,0.0,0.25614092,25.614092
2023-06-16 00:00:00+00:00,0.0,0.52408147,52.408146
2023-06-17 00:00:00+00:00,0.0,0.31123352,31.123352
2023-06-18 00:00:00+00:00,0.0,0.8114643,81.14643
2023-06-19 00:00:00+00:00,0.0,0.612498,61.2498
2023-06-20 00:00:00+00:00,0.0,0.69812846,69.81285
2023-06-21 00:00:00+00:00,0.0,0.63454384,63.45438
2023-06-22 00:00:00+00:00,0.0,0.14884114,14.884113
2023-06-23 00:00:00+00:00,0.0,0.024978638,2.4978638
2023-06-24 00:00:00+00:00,0.0,0.04537343,4.537343
2023-06-25 00:00:00+00:00,0.0,0.06421789,6.4217887
2023-06-26 00:00:00+00:00,0.0,0.0029170914,0.29170915
2023-06-27 00:00:00+00:00,0.0,0.016195798,1.6195798
2023-06-28 00:00:00+00:00,0.0,0.033986527,3.398653
2023-06-29 00:00:00+00:00,0.0,0.06278597,6.278597
2023-06-30 00:00:00+00:00,0.0,0.019527197,1.9527197
2023-07-01 00:00:00+00:00,0.0,0.001979409,0.1979409
2023-07-02 00:00:00+00:00,0.0,0.04586297,4.5862966
2023-07-03 00:00:00+00:00,0.0,0.03986426,3.986426
2023-07-04 00:00:00+00:00,0.0,0.103222184,10.322218
2023-07-05 00:00:00+00:00,0.0,0.25669017,25.66902
2023-07-06 00:00:00+00:00,0.0,0.3360548,33.60548
2023-07-07 00:00:00+00:00,0.0,0.114317454,11.4317465
2023-07-08 00:00:00+00:00,0.0,0.3672969,36.729687
2023-07-09 00:00:00+00:00,0.0,0.07735621,7.735621
2023-07-10 00:00:00+00:00,0.0,0.0014697056,0.14697056
2023-07-11 00:00:00+00:00,0.0,0.12750305,12.750305
2023-07-12 00:00:00+00:00,0.0,0.4391601,43.91601
2023-07-13 00:00:00+00:00,0.0,0.06354934,6.354934
2023-07-14 00:00:00+00:00,0.0,0.1614127,16.141272
2023-07-15 00:00:00+00:00,0.0,0.39182833,39.182835
2023-07-16 00:00:00+00:00,0.0,0.06452682,6.452682
2023-07-17 00:00:00+00:00,0.0,0.016201468,1.6201468
2023-07-18 00:00:00+00:00,0.0,0.17623186,17.623186
2023-07-19 00:00:00+00:00,0.0,0.09726825,9.726826
2023-07-20 00:00:00+00:00,0.0,0.0917176,9.171761
2023-07-21 00:00:00+00:00,0.0,0.19263345,19.263346
2023-07-22 00:00:00+00:00,0.0,0.13070425,13.070426
2023-07-23 00:00:00+00:00,0.0,0.15739603,15.739602
2023-07-24 00:00:00+00:00,0.0,0.32437047,32.437046
2023-07-25 00:00:00+00:00,0.0,0.06705334,6.705334
2023-07-26 00:00:00+00:00,0.0,0.0019173116,0.19173115
2023-07-27 00:00:00+00:00,0.0,0.23039757,23.039757
2023-07-28 00:00:00+00:00,0.0,0.1077227,10.77227
2023-07-29 00:00:00+00:00,0.0,0.18887623,18.887623
2023-07-30 00:00:00+00:00,0.0,0.057367604,5.7367606
2023-07-31 00:00:00+00:00,0.0,0.027598513,2.7598512
2023-08-01 00:00:00+00:00,0.0,0.23533909,23.533907
2023-08-02 00:00:00+00:00,0.0,0.43716362,43.716366
2023-08-03 00:00:00+00:00,0.0,0.075082816,7.5082817
2023-08-04 00:00:00+00:00,0.0,0.021097265,2.1097267
2023-08-05 00:00:00+00:00,0.0,0.0007355484,0.07355484
2023-08-06 00:00:00+00:00,0.0,4.538742e-05,0.0045387414
2023-08-07 00:00:00+00:00,0.0,0.015990209,1.5990208
2023-08-08 00:00:00+00:00,0.0,0.06919781,6.919781
2023-08-09 00:00:00+00:00,0.0,0.21017538,21.017538
2023-08-10 00:00:00+00:00,0.0,0.09481149,9.481149
2023-08-11 00:00:00+00:00,0.0,0.048167255,4.8167253
2023-08-12 00:00:00+00:00,0.0,0.09226743,9.226743
2023-08-13 00:00:00+00:00,0.0,0.12053573,12.053573
2023-08-14 00:00:00+00:00,0.0,0.27609983,27.60998
2023-08-15 00:00:00+00:00,0.0,0.52718496,52.718494
2023-08-16 00:00:00+00:00,0.0,0.0841103,8.411031
2023-08-17 00:00:00+00:00,0.0,0.30643746,30.643745
2023-08-18 00:00:00+00:00,0.0,0.54197234,54.197235
2023-08-19 00:00:00+00:00,0.0,0.3482063,34.820633
2023-08-20 00:00:00+00:00,0.0,0.43641448,43.64145
2023-08-21 00:00:00+00:00,0.0,0.14947411,14.947411
2023-08-22 00:00:00+00:00,0.0,0.10345926,10.345925
2023-08-23 00:00:00+00:00,0.0,0.024791807,2.4791806
2023-08-24 00:00:00+00:00,0.0,0.067868166,6.786816
2023-08-25 00:00:00+00:00,0.0,0.42573202,42.573204
2023-08-26 00:00:00+00:00,0.0,0.38324857,38.324856
2023-08-27 00:00:00+00:00,0.0,0.38149634,38.14964
2023-08-28 00:00:00+00:00,0.0,0.045359295,4.535929
2023-08-29 00:00:00+00:00,0.0,0.142911,14.2911005
2023-08-30 00:00:00+00:00,0.0,0.2607028,26.07028
2023-08-31 00:00:00+00:00,0.0,0.26717672,26.717674
2023-09-01 00:00:00+00:00,0.0,0.61154264,61.154266
2023-09-02 00:00:00+00:00,0.0,0.7306215,73.06215
2023-09-03 00:00:00+00:00,0.0,0.7383139,73.83139
2023-09-04 00:00:00+00:00,0.0,0.7032475,70.324745
2023-09-05 00:00:00+00:00,0.0,0.7512432,75.12432
2023-09-06 00:00:00+00:00,0.0,0.7407518,74.07519
2023-09-07 00:00:00+00:00,0.0,0.56513953,56.51395
2023-09-08 00:00:00+00:00,0.0,0.62615335,62.615337
2023-09-09 00:00:00+00:00,0.0,0.67731255,67.731255
2023-09-10 00:00:00+00:00,0.0,0.7136479,71.36479
2023-09-11 00:00:00+00:00,0.0,0.5817973,58.179733
2023-09-12 00:00:00+00:00,0.0,0.3665986,36.659863
2023-09-13 00:00:00+00:00,0.0,0.2417893,24.17893
2023-09-14 00:00:00+00:00,0.0,0.5414687,54.146866
2023-09-15 00:00:00+00:00,0.0,0.54298323,54.29833
2023-09-16 00:00:00+00:00,0.0,0.75971884,75.971886
2023-09-17 00:00:00+00:00,0.0,0.63822037,63.822037
2023-09-18 00:00:00+00:00,0.0,0.5445058,54.450573
2023-09-19 00:00:00+00:00,0.0,0.24632938,24.632936
2023-09-20 00:00:00+00:00,0.0,0.57348007,57.348007
2023-09-21 00:00:00+00:00,0.0,0.8750749,87.5075
2023-09-22 00:00:00+00:00,0.0,0.5767488,57.67488
2023-09-23 00:00:00+00:00,0.0,0.20856528,20.856527
2023-09-24 00:00:00+00:00,0.0,0.007043861,0.70438606
2023-09-25 00:00:00+00:00,0.0,0.015811456,1.5811456
2023-09-26 00:00:00+00:00,0.0,0.29011586,29.01159
2023-09-27 00:00:00+00:00,0.0,0.5998209,59.98209
2023-09-28 00:00:00+00:00,0.0,0.1272482,12.72482
2023-09-29 00:00:00+00:00,0.0,0.09967337,9.967338
2023-09-30 00:00:00+00:00,0.0,0.006644081,0.664408
2023-10-01 00:00:00+00:00,0.0,0.15578635,15.578636
2023-10-02 00:00:00+00:00,0.0,0.14029406,14.029407
2023-10-03 00:00:00+00:00,0.0,0.26279736,26.279734
2023-10-04 00:00:00+00:00,0.0,0.31826845,31.826843
2023-10-05 00:00:00+00:00,0.0,0.31359676,31.359678
2023-10-06 00:00:00+00:00,0.0,0.6154391,61.54391
2023-10-07 00:00:00+00:00,0.0,0.49514857,49.51486
2023-10-08 00:00:00+00:00,0.0,0.10799546,10.799545
2023-10-09 00:00:00+00:00,0.0,0.01501776,1.5017761
2023-10-10 00:00:00+00:00,0.0,0.11231095,11.231095
2023-10-11 00:00:00+00:00,0.0,0.3977172,39.77172
2023-10-12 00:00:00+00:00,0.0,0.15308185,15.308186
2023-10-13 00:00:00+00:00,0.0,0.89897305,89.89731
2023-10-14 00:00:00+00:00,0.0,0.76929784,76.92979
2023-10-15 00:00:00+00:00,0.0,0.89672804,89.67281
2023-10-16 00:00:00+00:00,0.0,0.9459009,94.590096
2023-10-17 00:00:00+00:00,0.0,0.8972363,89.723625
2023-10-18 00:00:00+00:00,0.0,0.73656183,73.65619
2023-10-19 00:00:00+00:00,0.0,0.87293357,87.29336
2023-10-20 00:00:00+00:00,0.0,0.52634335,52.634335
2023-10-21 00:00:00+00:00,0.0,0.8056209,80.56209
2023-10-22 00:00:00+00:00,0.0,0.87524796,87.52479
2023-10-23 00:00:00+00:00,0.0,0.6699349,66.99349
2023-10-24 00:00:00+00:00,0.0,0.75220484,75.22048
2023-10-25 00:00:00+00:00,0.0,0.93710953,93.71096
2023-10-26 00:00:00+00:00,0.0,0.9467003,94.67002
2023-10-27 00:00:00+00:00,0.0,0.8109965,81.09965
2023-10-28 00:00:00+00:00,0.0,0.7456115,74.56115
2023-10-29 00:00:00+00:00,0.0,0.9599394,95.993935
2023-10-30 00:00:00+00:00,0.0,0.6552488,65.52488
2023-10-31 00:00:00+00:00,0.0,0.88868564,88.86856
2023-11-01 00:00:00+00:00,0.0,0.84611803,84.61181
2023-11-02 00:00:00+00:00,0.0,0.78401756,78.40176
2023-11-03 00:00:00+00:00,0.0,0.84218556,84.21856
2023-11-04 00:00:00+00:00,0.0,0.78335243,78.33524
2023-11-05 00:00:00+00:00,0.0,0.4906207,49.06207
2023-11-06 00:00:00+00:00,0.0,0.309134,30.9134
2023-11-07 00:00:00+00:00,0.0,0.58261377,58.26138
2023-11-08 00:00:00+00:00,0.0,0.8847248,88.47247
2023-11-09 00:00:00+00:00,0.0,0.730809,73.080894
2023-11-10 00:00:00+00:00,0.0,0.8247752,82.477516
2023-11-11 00:00:00+00:00,0.0,0.96034104,96.03411
2023-11-12 00:00:00+00:00,0.0,0.8077412,80.774124
2023-11-13 00:00:00+00:00,0.0,0.7110097,71.10097
2023-11-14 00:00:00+00:00,0.0,0.44634792,44.634792
2023-11-15 00:00:00+00:00,0.0,0.64555293,64.55529
2023-11-16 00:00:00+00:00,0.0,0.8013582,80.135826
2023-11-17 00:00:00+00:00,0.0,0.5820078,58.20078
2023-11-18 00:00:00+00:00,0.0,0.2392432,23.924318
2023-11-19 00:00:00+00:00,0.0,0.29439947,29.439949
2023-11-20 00:00:00+00:00,0.0,0.6225961,62.25961
2023-11-21 00:00:00+00:00,0.0,0.1686007,16.86007
2023-11-22 00:00:00+00:00,0.0,0.0073517147,0.7351714
2023-11-23 00:00:00+00:00,0.0,0.06850184,6.8501835
2023-11-24 00:00:00+00:00,0.0,0.0053108963,0.5310896
2023-11-25 00:00:00+00:00,0.0,0.15686248,15.686248
2023-11-26 00:00:00+00:00,0.0,0.84687424,84.687416
2023-11-27 00:00:00+00:00,0.0,0.9298685,92.98685
2023-11-28 00:00:00+00:00,0.0,0.9714677,97.14677
2023-11-29 00:00:00+00:00,0.0,0.93082,93.08199
2023-11-30 00:00:00+00:00,0.0,0.98511654,98.51166
2023-12-01 00:00:00+00:00,0.0,0.55394536,55.39453
2023-12-02 00:00:00+00:00,0.0,0.3247604,32.47604
2023-12-03 00:00:00+00:00,0.0,0.77377135,77.377144
2023-12-04 00:00:00+00:00,0.0,0.8322125,83.22126
2023-12-05 00:00:00+00:00,0.0,0.9755697,97.55698
2023-12-06 00:00:00+00:00,0.0,0.86824554,86.824554
2023-12-07 00:00:00+00:00,0.0,0.95872265,95.87226
2023-12-08 00:00:00+00:00,0.0,0.80998796,80.99879
2023-12-09 00:00:00+00:00,0.0,0.9645469,96.45469
2023-12-10 00:00:00+00:00,0.0,0.76758164,76.75816
2023-12-11 00:00:00+00:00,0.0,0.90404487,90.40449
2023-12-12 00:00:00+00:00,0.0,0.92703223,92.703224
2023-12-13 00:00:00+00:00,0.0,0.50309557,50.30956
2023-12-14 00:00:00+00:00,0.0,0.13463528,13.463528
2023-12-15 00:00:00+00:00,0.0,0.106199495,10.619949
2023-12-16 00:00:00+00:00,0.0,0.0058833105,0.58833104
2023-12-17 00:00:00+00:00,0.0,0.06323236,6.323236
2023-12-18 00:00:00+00:00,0.0,0.07765226,7.7652264
2023-12-19 00:00:00+00:00,0.0,0.08342808,8.342807
2023-12-20 00:00:00+00:00,0.0,0.33703592,33.703594
2023-12-21 00:00:00+00:00,0.0,0.020181483,2.0181484
2023-12-22 00:00:00+00:00,0.0,0.039926913,3.992691
2023-12-23 00:00:00+00:00,0.0,0.05538915,5.538915
2023-12-24 00:00:00+00:00,0.0,0.3135165,31.351652
2023-12-25 00:00:00+00:00,0.0,0.4460827,44.608273
2023-12-26 00:00:00+00:00,0.0,0.33895087,33.89509
2023-12-27 00:00:00+00:00,0.0,0.81738853,81.73885
2023-12-28 00:00:00+00:00,0.0,0.9042675,90.42675
2023-12-29 00:00:00+00:00,0.0,0.8638058,86.380585
2023-12-30 00:00:00+00:00,0.0,0.78690857,78.69086
2023-12-31 00:00:00+00:00,0.0,0.9552142,95.521416
2024-01-01 00:00:00+00:00,0.0,0.64596796,64.596794
2024-01-02 00:00:00+00:00,0.0,0.95086336,95.086334
2024-01-03 00:00:00+00:00,0.0,0.97843313,97.843315
2024-01-04 00:00:00+00:00,0.0,0.8493063,84.930626
2024-01-05 00:00:00+00:00,0.0,0.47578505,47.578506
2024-01-06 00:00:00+00:00,0.0,0.64658797,64.6588
2024-01-07 00:00:00+00:00,0.0,0.24357282,24.357279
2024-01-08 00:00:00+00:00,0.0,0.8756166,87.56167
2024-01-09 00:00:00+00:00,0.0,0.96705604,96.7056
2024-01-10 00:00:00+00:00,0.0,0.8433979,84.33979
2024-01-11 00:00:00+00:00,0.0,0.6743495,67.434944
2024-01-12 00:00:00+00:00,0.0,0.4675665,46.75665
2024-01-13 00:00:00+00:00,0.0,0.94982195,94.982185
2024-01-14 00:00:00+00:00,0.0,0.92539644,92.53964
2024-01-15 00:00:00+00:00,0.0,0.9745179,97.45179
2024-01-16 00:00:00+00:00,0.0,0.98514324,98.51432
2024-01-17 00:00:00+00:00,0.0,0.7959408,79.59408
2024-01-18 00:00:00+00:00,0.0,0.9488435,94.884346
2024-01-19 00:00:00+00:00,0.0,0.7077036,70.77036
2024-01-20 00:00:00+00:00,0.0,0.25989193,25.989191
2024-01-21 00:00:00+00:00,0.0,0.22461386,22.461388
2024-01-22 00:00:00+00:00,0.0,0.5097707,50.97707
2024-01-23 00:00:00+00:00,0.0,0.24927704,24.927704
2024-01-24 00:00:00+00:00,0.0,0.08085249,8.08525
2024-01-25 00:00:00+00:00,0.0,0.7810819,78.10819
2024-01-26 00:00:00+00:00,0.0,0.96018463,96.01846
2024-01-27 00:00:00+00:00,0.0,0.83785516,83.785515
2024-01-28 00:00:00+00:00,0.0,0.8777847,87.77847
2024-01-29 00:00:00+00:00,0.0,0.7021806,70.218056
2024-01-30 00:00:00+00:00,0.0,0.72341377,72.34138
2024-01-31 00:00:00+00:00,0.0,0.5230531,52.30531
2024-02-01 00:00:00+00:00,0.0,0.077540524,7.754053
2024-02-02 00:00:00+00:00,0.0,0.08322826,8.322825
2024-02-03 00:00:00+00:00,0.0,0.058027577,5.8027573
2024-02-04 00:00:00+00:00,0.0,0.41947123,41.94712
2024-02-05 00:00:00+00:00,0.0,0.99173194,99.173195
2024-02-06 00:00:00+00:00,0.0,0.55468553,55.46855
2024-02-07 00:00:00+00:00,0.0,0.9188941,91.88941
2024-02-08 00:00:00+00:00,0.0,0.99781114,99.78112
2024-02-09 00:00:00+00:00,0.0,0.86699486,86.699486
2024-02-10 00:00:00+00:00,0.0,0.51774824,51.774822
2024-02-11 00:00:00+00:00,0.0,0.9561824,95.61823
2024-02-12 00:00:00+00:00,0.0,0.8393524,83.93525
2024-02-13 00:00:00+00:00,0.0,0.9809869,98.098694
2024-02-14 00:00:00+00:00,0.0,0.8720026,87.20026
2024-02-15 00:00:00+00:00,0.0,0.83946174,83.946175
2024-02-16 00:00:00+00:00,0.0,0.70987654,70.987656
2024-02-17 00:00:00+00:00,0.0,0.49882138,49.88214
2024-02-18 00:00:00+00:00,0.0,0.5527367,55.273666
2024-02-19 00:00:00+00:00,0.0,0.39505446,39.505444
2024-02-20 00:00:00+00:00,0.0,0.28163967,28.163965
2024-02-21 00:00:00+00:00,0.0,0.70716834,70.716835
2024-02-22 00:00:00+00:00,0.0,0.90189886,90.18989
2024-02-23 00:00:00+00:00,0.0,0.5768207,57.682064
2024-02-24 00:00:00+00:00,0.0,0.7161272,71.612724
2024-02-25 00:00:00+00:00,0.0,0.85950947,85.95095
2024-02-26 00:00:00+00:00,0.0,0.370865,37.0865
2024-02-27 00:00:00+00:00,0.0,0.17570542,17.570541
2024-02-28 00:00:00+00:00,0.0,0.11301275,11.301276
2024-02-29 00:00:00+00:00,0.0,0.5187967,51.87967
2024-03-01 00:00:00+00:00,0.0,0.49350074,49.35007
2024-03-02 00:00:00+00:00,0.0,0.7682094,76.82094
2024-03-03 00:00:00+00:00,0.0,0.6847298,68.472984
2024-03-04 00:00:00+00:00,0.0,0.714819,71.4819
2024-03-05 00:00:00+00:00,0.0,0.49632922,49.63292
2024-03-06 00:00:00+00:00,0.0,0.7595091,75.950905
2024-03-07 00:00:00+00:00,0.0,0.82593155,82.593155
2024-03-08 00:00:00+00:00,0.0,0.84485203,84.48521
2024-03-09 00:00:00+00:00,0.0,0.8431106,84.311066
2024-03-10 00:00:00+00:00,0.0,0.59891164,59.891163
2024-03-11 00:00:00+00:00,0.0,0.518868,51.886806
2024-03-12 00:00:00+00:00,0.0,0.63055104,63.055103
2024-03-13 00:00:00+00:00,0.0,0.39167354,39.167355
2024-03-14 00:00:00+00:00,0.0,0.7410219,74.10218
2024-03-15 00:00:00+00:00,0.0,0.90253323,90.25332
2024-03-16 00:00:00+00:00,0.0,0.9569939,95.699394
2024-03-17 00:00:00+00:00,0.0,0.98286223,98.286224
2024-03-18 00:00:00+00:00,0.0,0.6345101,63.451008
2024-03-19 00:00:00+00:00,0.0,0.6541892,65.41892
2024-03-20 00:00:00+00:00,0.0,0.5812034,58.120342
2024-03-21 00:00:00+00:00,0.0,0.7024923,70.24923
2024-03-22 00:00:00+00:00,0.0,0.586269,58.626904
2024-03-23 00:00:00+00:00,0.0,0.7645516,76.455154
2024-03-24 00:00:00+00:00,0.0,0.67425805,67.425804
2024-03-25 00:00:00+00:00,0.0,0.8550213,85.50214
2024-03-26 00:00:00+00:00,0.0,0.72244406,72.24441
2024-03-27 00:00:00+00:00,0.0,0.833739,83.37389
2024-03-28 00:00:00+00:00,0.0,0.89721066,89.72107
2024-03-29 00:00:00+00:00,0.0,0.8826821,88.26821
2024-03-30 00:00:00+00:00,0.0,0.81383675,81.383675
2024-03-31 00:00:00+00:00,0.0,0.7146042,71.46043
2024-04-01 00:00:00+00:00,0.0,0.57754594,57.754597
2024-04-02 00:00:00+00:00,0.0,0.9236652,92.36652
2024-04-03 00:00:00+00:00,0.0,0.8659441,86.59441
2024-04-04 00:00:00+00:00,0.0,0.9421294,94.212944
2024-04-05 00:00:00+00:00,0.0,0.97811204,97.81121
2024-04-06 00:00:00+00:00,0.0,0.9950282,99.502815
2024-04-07 00:00:00+00:00,0.0,0.72885805,72.88581
2024-04-08 00:00:00+00:00,0.0,0.5126625,51.266247
2024-04-09 00:00:00+00:00,0.0,0.05810158,5.810158
2024-04-10 00:00:00+00:00,0.0,0.48427102,48.427097
2024-04-11 00:00:00+00:00,0.0,0.7681548,76.815475
2024-04-12 00:00:00+00:00,0.0,0.085781306,8.578131
2024-04-13 00:00:00+00:00,0.0,0.45842016,45.842014
2024-04-14 00:00:00+00:00,0.0,0.38876292,38.876293
2024-04-15 00:00:00+00:00,0.0,0.113199435,11.319943
2024-04-16 00:00:00+00:00,0.0,0.048015416,4.801542
2024-04-17 00:00:00+00:00,0.0,0.6180786,61.807858
2024-04-18 00:00:00+00:00,0.0,0.61452585,61.45258
2024-04-19 00:00:00+00:00,0.0,0.7414978,74.14978
2024-04-20 00:00:00+00:00,0.0,0.7008235,70.08235
2024-04-21 00:00:00+00:00,0.0,0.17557216,17.557217
2024-04-22 00:00:00+00:00,0.0,0.10094896,10.094896
2024-04-23 00:00:00+00:00,0.0,0.007892833,0.7892833
2024-04-24 00:00:00+00:00,0.0,0.5304987,53.04987
2024-04-25 00:00:00+00:00,0.0,0.5288059,52.880596
2024-04-26 00:00:00+00:00,0.0,0.8530209,85.30209
2024-04-27 00:00:00+00:00,0.0,0.4721479,47.214787
2024-04-28 00:00:00+00:00,0.0,0.34409615,34.40961
2024-04-29 00:00:00+00:00,0.0,0.3814868,38.14868
2024-04-30 00:00:00+00:00,0.0,0.6436663,64.36663
2024-05-01 00:00:00+00:00,0.0,0.48696637,48.696636
2024-05-02 00:00:00+00:00,0.0,0.61335903,61.335907
2024-05-03 00:00:00+00:00,0.0,0.5810033,58.10033
2024-05-04 00:00:00+00:00,0.0,0.59847724,59.84772
2024-05-05 00:00:00+00:00,0.0,0.95093185,95.09318
2024-05-06 00:00:00+00:00,0.0,0.41282833,41.282833
2024-05-07 00:00:00+00:00,0.0,0.670933,67.0933
2024-05-08 00:00:00+00:00,0.0,0.637353,63.735302
2024-05-09 00:00:00+00:00,0.0,0.6779192,67.79192
2024-05-10 00:00:00+00:00,0.0,0.16889827,16.889826
2024-05-11 00:00:00+00:00,0.0,0.18438625,18.438625
2024-05-12 00:00:00+00:00,0.0,0.6379557,63.795567
2024-05-13 00:00:00+00:00,0.0,0.8326674,83.26675
2024-05-14 00:00:00+00:00,0.0,0.5509353,55.093533
2024-05-15 00:00:00+00:00,0.0,0.501128,50.112804
2024-05-16 00:00:00+00:00,0.0,0.8642814,86.42814
2024-05-17 00:00:00+00:00,0.0,0.6198098,61.980984
2024-05-18 00:00:00+00:00,0.0,0.46769252,46.769253
2024-05-19 00:00:00+00:00,0.0,0.49806118,49.806118
2024-05-20 00:00:00+00:00,0.0,0.53425986,53.425983
2024-05-21 00:00:00+00:00,0.0,0.47260293,47.26029
2024-05-22 00:00:00+00:00,0.0,0.5280169,52.801693
2024-05-23 00:00:00+00:00,0.0,0.26886857,26.886856
2024-05-24 00:00:00+00:00,0.0,0.07720766,7.7207665
2024-05-25 00:00:00+00:00,0.0,0.23869531,23.86953
2024-05-26 00:00:00+00:00,0.0,0.4600846,46.008457
2024-05-27 00:00:00+00:00,0.0,0.30017975,30.017975
2024-05-28 00:00:00+00:00,0.0,0.08387325,8.387325
2024-05-29 00:00:00+00:00,0.0,0.0068825516,0.68825513
2024-05-30 00:00:00+00:00,0.0,0.069250084,6.9250083
2024-05-31 00:00:00+00:00,0.0,0.059220005,5.9220004
2024-06-01 00:00:00+00:00,0.0,0.026935652,2.6935654
2024-06-02 00:00:00+00:00,0.0,0.037091795,3.7091796
2024-06-03 00:00:00+00:00,0.0,0.17755954,17.755953
2024-06-04 00:00:00+00:00,0.0,0.37442958,37.44296
2024-06-05 00:00:00+00:00,0.0,0.82221437,82.22144
2024-06-06 00:00:00+00:00,0.0,0.87321687,87.321686
2024-06-07 00:00:00+00:00,0.0,0.83188415,83.18841
2024-06-08 00:00:00+00:00,0.0,0.75940174,75.94017
2024-06-09 00:00:00+00:00,0.0,0.86420363,86.42036
2024-06-10 00:00:00+00:00,0.0,0.7437044,74.370445
2024-06-11 00:00:00+00:00,0.0,0.25012204,25.012205
2024-06-12 00:00:00+00:00,0.0,0.14916575,14.916575
2024-06-13 00:00:00+00:00,0.0,0.16627012,16.627012
2024-06-14 00:00:00+00:00,0.0,0.27778214,27.778214
2024-06-15 00:00:00+00:00,0.0,0.18846492,18.846493
2024-06-16 00:00:00+00:00,0.0,0.19729386,19.729387
2024-06-17 00:00:00+00:00,0.0,0.6505266,65.05266
2024-06-18 00:00:00+00:00,0.0,0.5872304,58.72304
2024-06-19 00:00:00+00:00,0.0,0.6739394,67.393936
2024-06-20 00:00:00+00:00,0.0,0.6402151,64.02151
2024-06-21 00:00:00+00:00,0.0,0.24208748,24.208748
2024-06-22 00:00:00+00:00,0.0,0.41489586,41.489582
2024-06-23 00:00:00+00:00,0.0,0.5340527,53.405273
2024-06-24 00:00:00+00:00,0.0,0.15268365,15.268364
2024-06-25 00:00:00+00:00,0.0,0.40537298,40.537296
2024-06-26 00:00:00+00:00,0.0,0.52971214,52.97121
2024-06-27 00:00:00+00:00,0.0,0.51233095,51.233097
2024-06-28 00:00:00+00:00,0.0,0.8077197,80.771965
2024-06-29 00:00:00+00:00,0.0,0.8993973,89.93973
2024-06-30 00:00:00+00:00,0.0,0.7731118,77.31118
2024-07-01 00:00:00+00:00,0.0,0.24426259,24.42626
2024-07-02 00:00:00+00:00,0.0,0.002392189,0.2392189
2024-07-03 00:00:00+00:00,0.0,0.010557108,1.0557107
2024-07-04 00:00:00+00:00,0.0,0.0010632384,0.106323846
2024-07-05 00:00:00+00:00,0.0,0.01690207,1.6902071
2024-07-06 00:00:00+00:00,0.0,0.1787798,17.87798
2024-07-07 00:00:00+00:00,0.0,0.040512145,4.0512147
2024-07-08 00:00:00+00:00,0.0,0.34201542,34.20154
2024-07-09 00:00:00+00:00,0.0,0.44501576,44.50157
2024-07-10 00:00:00+00:00,0.0,0.4241825,42.41825
2024-07-11 00:00:00+00:00,0.0,0.23906219,23.906218
2024-07-12 00:00:00+00:00,0.0,0.1758685,17.58685
2024-07-13 00:00:00+00:00,0.0,0.32298806,32.29881
2024-07-14 00:00:00+00:00,0.0,0.2613674,26.136742
2024-07-15 00:00:00+00:00,0.0,0.4201564,42.01564
2024-07-16 00:00:00+00:00,0.0,0.17692375,17.692373
2024-07-17 00:00:00+00:00,0.0,0.18128307,18.128307
2024-07-18 00:00:00+00:00,0.0,0.09177268,9.177269
2024-07-19 00:00:00+00:00,0.0,0.019951822,1.9951824
2024-07-20 00:00:00+00:00,0.0,0.36069265,36.069267
2024-07-21 00:00:00+00:00,0.0,0.20634568,20.63457
2024-07-22 00:00:00+00:00,0.0,0.0,0.0
2024-07-23 00:00:00+00:00,0.0,8.661606e-06,0.00086616067
2024-07-24 00:00:00+00:00,0.0,0.009543042,0.95430404
2024-07-25 00:00:00+00:00,0.0,0.12232102,12.232101
2024-07-26 00:00:00+00:00,0.0,0.081916675,8.191668
2024-07-27 00:00:00+00:00,0.0,0.13201906,13.201905
2024-07-28 00:00:00+00:00,0.0,0.29054874,29.054873
2024-07-29 00:00:00+00:00,0.0,0.7271581,72.71581
2024-07-30 00:00:00+00:00,0.0,0.12107897,12.107898
2024-07-31 00:00:00+00:00,0.0,0.20262794,20.262794
2024-08-01 00:00:00+00:00,0.0,0.18214504,18.214502
2024-08-02 00:00:00+00:00,0.0,0.25104412,25.104414
2024-08-03 00:00:00+00:00,0.0,0.009723528,0.9723529
2024-08-04 00:00:00+00:00,0.0,0.00038770787,0.038770787
2024-08-05 00:00:00+00:00,0.0,0.0028379702,0.28379703
2024-08-06 00:00:00+00:00,0.0,0.14313926,14.313926
2024-08-07 00:00:00+00:00,0.0,0.11123412,11.123412
2024-08-08 00:00:00+00:00,0.0,0.047232803,4.7232804
2024-08-09 00:00:00+00:00,0.0,0.044860467,4.4860463
2024-08-10 00:00:00+00:00,0.0,0.01745577,1.745577
2024-08-11 00:00:00+00:00,0.0,0.08767491,8.76749
2024-08-12 00:00:00+00:00,0.0,0.20872247,20.872246
2024-08-13 00:00:00+00:00,0.0,0.42475376,42.475376
2024-08-14 00:00:00+00:00,0.0,0.330703,33.0703
2024-08-15 00:00:00+00:00,0.0,0.002157503,0.21575029
2024-08-16 00:00:00+00:00,0.0,0.00028774785,0.028774783
2024-08-17 00:00:00+00:00,0.0,0.068885304,6.8885307
2024-08-18 00:00:00+00:00,0.0,0.16029297,16.029297
2024-08-19 00:00:00+00:00,0.0,0.037193418,3.719342
2024-08-20 00:00:00+00:00,0.0,0.05304875,5.304875
2024-08-21 00:00:00+00:00,0.0,0.033944882,3.394488
2024-08-22 00:00:00+00:00,0.0,0.21662356,21.662355
2024-08-23 00:00:00+00:00,0.0,0.119953424,11.995342
2024-08-24 00:00:00+00:00,0.0,0.2860284,28.602837
2024-08-25 00:00:00+00:00,0.0,0.007121352,0.71213514
2024-08-26 00:00:00+00:00,0.0,0.28904316,28.904314
2024-08-27 00:00:00+00:00,0.0,0.20243807,20.243807
2024-08-28 00:00:00+00:00,0.0,0.33695784,33.695786
2024-08-29 00:00:00+00:00,0.0,0.34422436,34.422436
2024-08-30 00:00:00+00:00,0.0,0.43686262,43.68626
2024-08-31 00:00:00+00:00,0.0,0.7815831,78.1583
2024-09-01 00:00:00+00:00,0.0,0.41113016,41.113014
2024-09-02 00:00:00+00:00,0.0,0.3525373,35.25373
2024-09-03 00:00:00+00:00,0.0,0.2625137,26.251368
2024-09-04 00:00:00+00:00,0.0,0.04409552,4.409552
2024-09-05 00:00:00+00:00,0.0,0.41133368,41.13337
2024-09-06 00:00:00+00:00,0.0,0.14595097,14.595098
2024-09-07 00:00:00+00:00,0.0,0.270236,27.023598
2024-09-08 00:00:00+00:00,0.0,0.06613514,6.6135135
2024-09-09 00:00:00+00:00,0.0,0.22880083,22.880083
2024-09-10 00:00:00+00:00,0.0,0.07549047,7.549046
2024-09-11 00:00:00+00:00,0.0,0.39022252,39.02225
2024-09-12 00:00:00+00:00,0.0,0.4799292,47.99292
2024-09-13 00:00:00+00:00,0.0,0.16434923,16.434923
2024-09-14 00:00:00+00:00,0.0,0.19420616,19.420616
2024-09-15 00:00:00+00:00,0.0,0.21606636,21.606636
2024-09-16 00:00:00+00:00,0.0,0.057945207,5.794521
2024-09-17 00:00:00+00:00,0.0,0.09388783,9.388782
2024-09-18 00:00:00+00:00,0.0,0.2737973,27.379732
2024-09-19 00:00:00+00:00,0.0,0.3895938,38.95938
2024-09-20 00:00:00+00:00,0.0,0.57870585,57.870586
2024-09-21 00:00:00+00:00,0.0,0.56212324,56.212322
2024-09-22 00:00:00+00:00,0.0,0.64164567,64.164566
2024-09-23 00:00:00+00:00,0.0,0.4575336,45.753357
2024-09-24 00:00:00+00:00,0.0,0.9700873,97.00873
2024-09-25 00:00:00+00:00,0.0,0.97079635,97.07964
2024-09-26 00:00:00+00:00,0.0,0.68465155,68.46516
2024-09-27 00:00:00+00:00,0.0,0.43648687,43.648685
2024-09-28 00:00:00+00:00,0.0,0.45568538,45.56854
2024-09-29 00:00:00+00:00,0.0,0.11914954,11.914954
2024-09-30 00:00:00+00:00,0.0,0.08230076,8.230077
2024-10-01 00:00:00+00:00,0.0,0.6790773,67.90773
2024-10-02 00:00:00+00:00,0.0,0.98813134,98.81313
2024-10-03 00:00:00+00:00,0.0,0.8265982,82.65983
2024-10-04 00:00:00+00:00,0.0,0.82917446,82.91744
2024-10-05 00:00:00+00:00,0.0,0.89264107,89.2641
2024-10-06 00:00:00+00:00,0.0,0.96798116,96.79812
2024-10-07 00:00:00+00:00,0.0,0.7492759,74.9276
2024-10-08 00:00:00+00:00,0.0,0.8998905,89.98905
2024-10-09 00:00:00+00:00,0.0,0.78160614,78.16061
2024-10-10 00:00:00+00:00,0.0,0.7467446,74.67446
2024-10-11 00:00:00+00:00,0.0,0.9670244,96.702446
2024-10-12 00:00:00+00:00,0.0,0.8409929,84.0993
2024-10-13 00:00:00+00:00,0.0,0.47793314,47.793316
2024-10-14 00:00:00+00:00,0.0,0.5211002,52.110016
2024-10-15 00:00:00+00:00,0.0,0.8910966,89.10966
2024-10-16 00:00:00+00:00,0.0,0.86248064,86.248055
2024-10-17 00:00:00+00:00,0.0,0.48374963,48.374966
2024-10-18 00:00:00+00:00,0.0,0.8857534,88.57534
2024-10-19 00:00:00+00:00,0.0,0.940679,94.0679
2024-10-20 00:00:00+00:00,0.0,0.67364544,67.36454
2024-10-21 00:00:00+00:00,0.0,0.41881025,41.881023
2024-10-22 00:00:00+00:00,0.0,0.16425548,16.42555
2024-10-23 00:00:00+00:00,0.0,0.061844546,6.1844544
2024-10-24 00:00:00+00:00,0.0,0.6372835,63.728348
2024-10-25 00:00:00+00:00,0.0,0.47508433,47.50844
2024-10-26 00:00:00+00:00,0.0,0.62190413,62.19041
2024-10-27 00:00:00+00:00,0.0,0.40428853,40.428852
2024-10-28 00:00:00+00:00,0.0,0.336625,33.662502
2024-10-29 00:00:00+00:00,0.0,0.6579215,65.79215
2024-10-30 00:00:00+00:00,0.0,0.78686386,78.686386
2024-10-31 00:00:00+00:00,0.0,0.7513797,75.13797
2024-11-01 00:00:00+00:00,0.0,0.8994215,89.94215
2024-11-02 00:00:00+00:00,0.0,0.14774887,14.774888
2024-11-03 00:00:00+00:00,0.0,0.5560177,55.601772
2024-11-04 00:00:00+00:00,0.0,0.77197367,77.19737
2024-11-05 00:00:00+00:00,0.0,0.7842137,78.421364
2024-11-06 00:00:00+00:00,0.0,0.48784208,48.784206
2024-11-07 00:00:00+00:00,0.0,0.8420344,84.203445
2024-11-08 00:00:00+00:00,0.0,0.879119,87.911896
2024-11-09 00:00:00+00:00,0.0,0.63201755,63.201756
2024-11-10 00:00:00+00:00,0.0,0.7274468,72.74468
2024-11-11 00:00:00+00:00,0.0,0.22320807,22.320807
2024-11-12 00:00:00+00:00,0.0,0.112609155,11.260917
2024-11-13 00:00:00+00:00,0.0,0.38104355,38.104355
2024-11-14 00:00:00+00:00,0.0,0.77431077,77.431076
2024-11-15 00:00:00+00:00,0.0,0.8899057,88.99057
2024-11-16 00:00:00+00:00,0.0,0.82946277,82.94627
2024-11-17 00:00:00+00:00,0.0,0.5449061,54.490612
2024-11-18 00:00:00+00:00,0.0,0.45755443,45.755444
2024-11-19 00:00:00+00:00,0.0,0.6528278,65.282776
2024-11-20 00:00:00+00:00,0.0,0.58164084,58.16408
2024-11-21 00:00:00+00:00,0.0,0.7608037,76.08037
2024-11-22 00:00:00+00:00,0.0,0.8430896,84.30895
2024-11-23 00:00:00+00:00,0.0,0.9215575,92.155754
2024-11-24 00:00:00+00:00,0.0,0.8515764,85.157646
2024-11-25 00:00:00+00:00,0.0,0.78845835,78.84584
2024-11-26 00:00:00+00:00,0.0,0.6276136,62.761356
2024-11-27 00:00:00+00:00,0.0,0.30649766,30.649767
2024-11-28 00:00:00+00:00,0.0,0.38340273,38.340275
2024-11-29 00:00:00+00:00,0.0,0.8372016,83.72016
2024-11-30 00:00:00+00:00,0.0,0.8308912,83.08912
2024-12-01 00:00:00+00:00,0.0,0.88506246,88.50625
2024-12-02 00:00:00+00:00,0.0,0.58590806,58.590805
2024-12-03 00:00:00+00:00,0.0,0.8150199,81.50199
2024-12-04 00:00:00+00:00,0.0,0.604384,60.4384
2024-12-05 00:00:00+00:00,0.0,0.7767511,77.67512
2024-12-06 00:00:00+00:00,0.0,0.7811617,78.11617
2024-12-07 00:00:00+00:00,0.0,0.65819114,65.819115
2024-12-08 00:00:00+00:00,0.0,0.16460046,16.460047
2024-12-09 00:00:00+00:00,0.0,0.05109706,5.1097064
2024-12-10 00:00:00+00:00,0.0,0.03133099,3.1330993
2024-12-11 00:00:00+00:00,0.0,0.11218804,11.218804
2024-12-12 00:00:00+00:00,0.0,0.37280008,37.280006
2024-12-13 00:00:00+00:00,0.0,0.6933267,69.33267
2024-12-14 00:00:00+00:00,0.0,0.7244075,72.44075
2024-12-15 00:00:00+00:00,0.0,0.65759164,65.75916
2024-12-16 00:00:00+00:00,0.0,0.51011175,51.011173
2024-12-17 00:00:00+00:00,0.0,0.5821586,58.215862
2024-12-18 00:00:00+00:00,0.0,0.8282204,82.822044
2024-12-19 00:00:00+00:00,0.0,0.5743806,57.438053
2024-12-20 00:00:00+00:00,0.0,0.068778194,6.8778205
2024-12-21 00:00:00+00:00,0.0,0.026351705,2.6351705
2024-12-22 00:00:00+00:00,0.0,0.1993621,19.936209
2024-12-23 00:00:00+00:00,0.0,0.018710222,1.8710222
2024-12-24 00:00:00+00:00,0.0,0.0626468,6.2646804
2024-12-25 00:00:00+00:00,0.0,0.20605998,20.605997
2024-12-26 00:00:00+00:00,0.0,0.16428687,16.428686
2024-12-27 00:00:00+00:00,0.0,0.10766179,10.766179
2024-12-28 00:00:00+00:00,0.0,0.12350934,12.350934
2024-12-29 00:00:00+00:00,0.0,0.13260232,13.260231
2024-12-30 00:00:00+00:00,0.0,0.27190772,27.190771
2024-12-31 00:00:00+00:00,0.0,0.3415557,34.15557
2025-01-01 00:00:00+00:00,0.0,0.105394654,10.539466
2025-01-02 00:00:00+00:00,0.0,0.4223403,42.234035
2025-01-03 00:00:00+00:00,0.0,0.84351367,84.35137
2025-01-04 00:00:00+00:00,0.0,0.87592953,87.59295
2025-01-05 00:00:00+00:00,0.0,0.97875017,97.87502
2025-01-06 00:00:00+00:00,0.0,0.5097945,50.979446
2025-01-07 00:00:00+00:00,0.0,0.7463445,74.634445
2025-01-08 00:00:00+00:00,0.0,0.96172816,96.17281
2025-01-09 00:00:00+00:00,0.0,0.81695575,81.695564
2025-01-10 00:00:00+00:00,0.0,0.9705579,97.055786
2025-01-11 00:00:00+00:00,0.0,0.8998351,89.98351
2025-01-12 00:00:00+00:00,0.0,0.797396,79.7396
2025-01-13 00:00:00+00:00,0.0,0.3545299,35.45299
2025-01-14 00:00:00+00:00,0.0,0.18717068,18.717068
2025-01-15 00:00:00+00:00,0.0,0.04050565,4.0505652
2025-01-16 00:00:00+00:00,0.0,0.0063478653,0.63478655
2025-01-17 00:00:00+00:00,0.0,0.013083514,1.3083514
2025-01-18 00:00:00+00:00,0.0,0.016098412,1.6098412
2025-01-19 00:00:00+00:00,0.0,0.69821936,69.82194
2025-01-20 00:00:00+00:00,0.0,0.9963016,99.63016
2025-01-21 00:00:00+00:00,0.0,0.8970544,89.70544
2025-01-22 00:00:00+00:00,0.0,0.9586926,95.86926
2025-01-23 00:00:00+00:00,0.0,0.8092289,80.92289
2025-01-24 00:00:00+00:00,0.0,0.97371143,97.37115
2025-01-25 00:00:00+00:00,0.0,0.7055807,70.55807
2025-01-26 00:00:00+00:00,0.0,0.98946524,98.946526
2025-01-27 00:00:00+00:00,0.0,0.76415163,76.41517
2025-01-28 00:00:00+00:00,0.0,0.64111227,64.11123
2025-01-29 00:00:00+00:00,0.0,0.8455188,84.55188
2025-01-30 00:00:00+00:00,0.0,0.32035372,32.035374
2025-01-31 00:00:00+00:00,0.0,0.24484245,24.484245
2025-02-01 00:00:00+00:00,0.0,0.89113075,89.113075
2025-02-02 00:00:00+00:00,0.0,0.73591167,73.59117
2025-02-03 00:00:00+00:00,0.0,0.11670732,11.670732
2025-02-04 00:00:00+00:00,0.0,0.36663845,36.663845
2025-02-05 00:00:00+00:00,0.0,0.094640434,9.464044
2025-02-06 00:00:00+00:00,0.0,0.6315537,63.155365
2025-02-07 00:00:00+00:00,0.0,0.7120623,71.20623
2025-02-08 00:00:00+00:00,0.0,0.6989382,69.89382
2025-02-09 00:00:00+00:00,0.0,0.9673856,96.73856
2025-02-10 00:00:00+00:00,0.0,0.8666766,86.66766
2025-02-11 00:00:00+00:00,0.0,0.86013937,86.01394
2025-02-12 00:00:00+00:00,0.0,0.7365101,73.65101
2025-02-13 00:00:00+00:00,0.0,0.8908922,89.089226
2025-02-14 00:00:00+00:00,0.0,0.8777264,87.772644
2025-02-15 00:00:00+00:00,0.0,0.92999625,92.999626
2025-02-16 00:00:00+00:00,0.0,0.5369045,53.69045
2025-02-17 00:00:00+00:00,0.0,0.95398337,95.398346
2025-02-18 00:00:00+00:00,0.0,0.9515586,95.15585
2025-02-19 00:00:00+00:00,0.0,0.7316818,73.16818
2025-02-20 00:00:00+00:00,0.0,0.8693828,86.938286
2025-02-21 00:00:00+00:00,0.0,0.95004106,95.00411
2025-02-22 00:00:00+00:00,0.0,0.4923806,49.238056
2025-02-23 00:00:00+00:00,0.0,0.61118907,61.118908
2025-02-24 00:00:00+00:00,0.0,0.7895155,78.951546
2025-02-25 00:00:00+00:00,0.0,0.65847975,65.84798
2025-02-26 00:00:00+00:00,0.0,0.7235546,72.35546
2025-02-27 00:00:00+00:00,0.0,0.8564968,85.64969
2025-02-28 00:00:00+00:00,0.0,0.852092,85.209206
2025-03-01 00:00:00+00:00,0.0,0.56744903,56.744904
2025-03-02 00:00:00+00:00,0.0,0.7342445,73.424446
2025-03-03 00:00:00+00:00,0.0,0.7051323,70.51324
2025-03-04 00:00:00+00:00,0.0,0.5540629,55.406296
2025-03-05 00:00:00+00:00,0.0,0.849799,84.9799
2025-03-06 00:00:00+00:00,0.0,0.73907644,73.907646
2025-03-07 00:00:00+00:00,0.0,0.8593354,85.93354
2025-03-08 00:00:00+00:00,0.0,0.8484254,84.84254
2025-03-09 00:00:00+00:00,0.0,0.8147836,81.478355
2025-03-10 00:00:00+00:00,0.0,0.93818855,93.818855
2025-03-11 00:00:00+00:00,0.0,0.6414495,64.14495
2025-03-12 00:00:00+00:00,0.0,0.8971672,89.71673
2025-03-13 00:00:00+00:00,0.0,0.84726954,84.72695
2025-03-14 00:00:00+00:00,0.0,0.36644974,36.644974
2025-03-15 00:00:00+00:00,0.0,0.39088225,39.088226
2025-03-16 00:00:00+00:00,0.0,0.7657099,76.570984
2025-03-17 00:00:00+00:00,0.0,0.8710632,87.106316
2025-03-18 00:00:00+00:00,0.0,0.6575596,65.75596
2025-03-19 00:00:00+00:00,0.0,0.91673017,91.67301
2025-03-20 00:00:00+00:00,0.0,0.78295296,78.295296
2025-03-21 00:00:00+00:00,0.0,0.8109825,81.09825
2025-03-22 00:00:00+00:00,0.0,0.7411545,74.11545
2025-03-23 00:00:00+00:00,0.0,0.51852113,51.85211
2025-03-24 00:00:00+00:00,0.0,0.51280004,51.280003
2025-03-25 00:00:00+00:00,0.0,0.32534304,32.534306
2025-03-26 00:00:00+00:00,0.0,0.2940132,29.401321
2025-03-27 00:00:00+00:00,0.0,0.38782814,38.782818
2025-03-28 00:00:00+00:00,0.0,0.23673294,23.673294
2025-03-29 00:00:00+00:00,0.0,0.08232636,8.2326355
2025-03-30 00:00:00+00:00,0.0,0.006289733,0.62897325
2025-03-31 00:00:00+00:00,0.0,0.15394704,15.394704
2025-04-01 00:00:00+00:00,0.0,0.6330918,63.309177
2025-04-02 00:00:00+00:00,0.0,0.6447221,64.472206
2025-04-03 00:00:00+00:00,0.0,0.8326494,83.26494
2025-04-04 00:00:00+00:00,0.0,0.79321665,79.32166
2025-04-05 00:00:00+00:00,0.0,0.7255363,72.55363
2025-04-06 00:00:00+00:00,0.0,0.7259192,72.59192
2025-04-07 00:00:00+00:00,0.0,0.652308,65.2308
2025-04-08 00:00:00+00:00,0.0,0.9299684,92.99685
2025-04-09 00:00:00+00:00,0.0,0.74821407,74.8214
2025-04-10 00:00:00+00:00,0.0,0.88288635,88.288635
2025-04-11 00:00:00+00:00,0.0,0.83179355,83.17935
2025-04-12 00:00:00+00:00,0.0,0.8143971,81.43971
2025-04-13 00:00:00+00:00,0.0,0.64811426,64.811424
2025-04-14 00:00:00+00:00,0.0,0.7259042,72.59042
2025-04-15 00:00:00+00:00,0.0,0.5655709,56.557095
2025-04-16 00:00:00+00:00,0.0,0.6181491,61.814907
2025-04-17 00:00:00+00:00,0.0,0.8066993,80.66993
2025-04-18 00:00:00+00:00,0.0,0.7542119,75.42119
2025-04-19 00:00:00+00:00,0.0,0.5771016,57.71016
2025-04-20 00:00:00+00:00,0.0,0.7457097,74.57098
2025-04-21 00:00:00+00:00,0.0,0.8039086,80.390854
2025-04-22 00:00:00+00:00,0.0,0.34452343,34.452343
2025-04-23 00:00:00+00:00,0.0,0.07836118,7.836118
2025-04-24 00:00:00+00:00,0.0,0.059874203,5.9874206
2025-04-25 00:00:00+00:00,0.0,0.36282456,36.28246
2025-04-26 00:00:00+00:00,0.0,0.1510408,15.104081
2025-04-27 00:00:00+00:00,0.0,0.31583562,31.583563
2025-04-28 00:00:00+00:00,0.0,0.42225233,42.22523
2025-04-29 00:00:00+00:00,0.0,0.7618938,76.189384
2025-04-30 00:00:00+00:00,0.0,0.7383426,73.83426
2025-05-01 00:00:00+00:00,0.0,0.49290565,49.29056
2025-05-02 00:00:00+00:00,0.0,0.7210501,72.10501
2025-05-03 00:00:00+00:00,0.0,0.72431827,72.43182
2025-05-04 00:00:00+00:00,0.0,0.7781854,77.81854
2025-05-05 00:00:00+00:00,0.0,0.58533573,58.533573
2025-05-06 00:00:00+00:00,0.0,0.55398077,55.398075
2025-05-07 00:00:00+00:00,0.0,0.653247,65.3247
2025-05-08 00:00:00+00:00,0.0,0.76596195,76.5962
2025-05-09 00:00:00+00:00,0.0,0.5401003,54.01003
2025-05-10 00:00:00+00:00,0.0,0.3635237,36.35237
2025-05-11 00:00:00+00:00,0.0,0.31903732,31.903732
2025-05-12 00:00:00+00:00,0.0,0.5756423,57.564228
2025-05-13 00:00:00+00:00,0.0,0.6504168,65.04168
2025-05-14 00:00:00+00:00,0.0,0.3313041,33.130413
2025-05-15 00:00:00+00:00,0.0,0.24611048,24.611048
2025-05-16 00:00:00+00:00,0.0,0.4437957,44.379574
2025-05-17 00:00:00+00:00,0.0,0.5742406,57.42406
2025-05-18 00:00:00+00:00,0.0,0.45537344,45.537342
2025-05-19 00:00:00+00:00,0.0,0.43846443,43.846447
2025-05-20 00:00:00+00:00,0.0,0.28905126,28.905128
2025-05-21 00:00:00+00:00,0.0,0.23976308,23.976309
2025-05-22 00:00:00+00:00,0.0,0.42575184,42.575184
2025-05-23 00:00:00+00:00,0.0,0.04689008,4.6890078
2025-05-24 00:00:00+00:00,0.0,0.0197147,1.9714699
2025-05-25 00:00:00+00:00,0.0,0.041754108,4.1754107
2025-05-26 00:00:00+00:00,0.0,0.28687474,28.687475
2025-05-27 00:00:00+00:00,0.0,0.08890387,8.890388
2025-05-28 00:00:00+00:00,0.0,0.021236164,2.1236165
2025-05-29 00:00:00+00:00,0.0,0.15215689,15.21569
2025-05-30 00:00:00+00:00,0.0,0.22144987,22.144989
2025-05-31 00:00:00+00:00,0.0,0.3974456,39.74456
2025-06-01 00:00:00+00:00,0.0,0.8681483,86.81484
2025-06-02 00:00:00+00:00,0.0,0.37096596,37.096596
2025-06-03 00:00:00+00:00,0.0,0.6094833,60.94833
2025-06-04 00:00:00+00:00,0.0,0.8182306,81.82306
2025-06-05 00:00:00+00:00,0.0,0.28281966,28.281965
2025-06-06 00:00:00+00:00,0.0,0.19692022,19.692022
2025-06-07 00:00:00+00:00,0.0,0.113112606,11.311261
2025-06-08 00:00:00+00:00,0.0,0.10063746,10.0637455
2025-06-09 00:00:00+00:00,0.0,0.25805238,25.805239
2025-06-10 00:00:00+00:00,0.0,0.42961076,42.961075
2025-06-11 00:00:00+00:00,0.0,0.48664066,48.664066
2025-06-12 00:00:00+00:00,0.0,0.65560704,65.5607
2025-06-13 00:00:00+00:00,0.0,0.64329267,64.32926
2025-06-14 00:00:00+00:00,0.0,0.439729,43.9729
2025-06-15 00:00:00+00:00,0.0,0.028378686,2.8378685
2025-06-16 00:00:00+00:00,0.0,0.13373287,13.373287
2025-06-17 00:00:00+00:00,0.0,0.26674443,26.674444
2025-06-18 00:00:00+00:00,0.0,0.60536367,60.53636
2025-06-19 00:00:00+00:00,0.0,0.46437636,46.437637
2025-06-20 00:00:00+00:00,0.0,0.13678691,13.678691
2025-06-21 00:00:00+00:00,0.0,0.573378,57.337803
2025-06-22 00:00:00+00:00,0.0,0.49461868,49.46187
2025-06-23 00:00:00+00:00,0.0,0.6899901,68.99901
2025-06-24 00:00:00+00:00,0.0,0.49064708,49.06471
2025-06-25 00:00:00+00:00,0.0,0.48024073,48.02408
2025-06-26 00:00:00+00:00,0.0,0.09339697,9.339697
2025-06-27 00:00:00+00:00,0.0,0.15336946,15.336946
2025-06-28 00:00:00+00:00,0.0,0.45465955,45.465954
2025-06-29 00:00:00+00:00,0.0,0.30692038,30.692038
2025-06-30 00:00:00+00:00,0.0,0.18182723,18.182722
2025-07-01 00:00:00+00:00,0.0,0.079593256,7.959326
2025-07-02 00:00:00+00:00,0.0,0.07316377,7.316377
2025-07-03 00:00:00+00:00,0.0,0.019669881,1.9669881
2025-07-04 00:00:00+00:00,0.0,0.035868075,3.5868073
2025-07-05 00:00:00+00:00,0.0,0.11365169,11.36517
2025-07-06 00:00:00+00:00,0.0,0.081984214,8.1984215
2025-07-07 00:00:00+00:00,0.0,0.10674588,10.674588
2025-07-08 00:00:00+00:00,0.0,0.01765735,1.7657351
2025-07-09 00:00:00+00:00,0.0,0.07947224,7.947223
2025-07-10 00:00:00+00:00,0.0,0.1859742,18.597422
2025-07-11 00:00:00+00:00,0.0,0.7594116,75.941154
2025-07-12 00:00:00+00:00,0.0,0.499356,49.935596
2025-07-13 00:00:00+00:00,0.0,0.19447346,19.447348
2025-07-14 00:00:00+00:00,0.0,0.15323229,15.32323
2025-07-15 00:00:00+00:00,0.0,1.4465931e-05,0.0014465931
2025-07-16 00:00:00+00:00,0.0,0.0033477636,0.3347763
2025-07-17 00:00:00+00:00,0.0,0.24452145,24.452147
2025-07-18 00:00:00+00:00,0.0,0.25666818,25.666819
2025-07-19 00:00:00+00:00,0.0,0.5171251,51.712513
2025-07-20 00:00:00+00:00,0.0,0.48815382,48.815384
2025-07-21 00:00:00+00:00,0.0,0.0764764,7.6476407
2025-07-22 00:00:00+00:00,0.0,0.05632196,5.632196
2025-07-23 00:00:00+00:00,0.0,0.45861945,45.861942
2025-07-24 00:00:00+00:00,0.0,0.23227377,23.227379
2025-07-25 00:00:00+00:00,0.0,0.022758124,2.2758124
2025-07-26 00:00:00+00:00,0.0,9.445489e-05,0.009445489
2025-07-27 00:00:00+00:00,0.0,0.0014293595,0.14293596
2025-07-28 00:00:00+00:00,0.0,0.0010399463,0.10399463
2025-07-29 00:00:00+00:00,0.0,0.003773304,0.37733042
2025-07-30 00:00:00+00:00,0.0,0.0035012935,0.35012937
2025-07-31 00:00:00+00:00,0.0,0.09040602,9.040603
2025-08-01 00:00:00+00:00,0.0,0.036332,3.6332
2025-08-02 00:00:00+00:00,0.0,0.017799437,1.7799438
2025-08-03 00:00:00+00:00,0.0,0.007238934,0.7238934
2025-08-04 00:00:00+00:00,0.0,0.05309097,5.309097
2025-08-05 00:00:00+00:00,0.0,0.11356127,11.356128
2025-08-06 00:00:00+00:00,0.0,0.16047777,16.047777
2025-08-07 00:00:00+00:00,0.0,0.13319673,13.319672
2025-08-08 00:00:00+00:00,0.0,0.087858,8.7858
2025-08-09 00:00:00+00:00,0.0,0.027741106,2.7741108
2025-08-10 00:00:00+00:00,0.0,0.034508187,3.4508183
2025-08-11 00:00:00+00:00,0.0,0.12939453,12.939453
2025-08-12 00:00:00+00:00,0.0,0.3352408,33.52408
2025-08-13 00:00:00+00:00,0.0,0.18348967,18.348967
2025-08-14 00:00:00+00:00,0.0,0.004164901,0.41649017
2025-08-15 00:00:00+00:00,0.0,0.01833125,1.8331251
2025-08-16 00:00:00+00:00,0.0,0.1209192,12.09192
2025-08-17 00:00:00+00:00,0.0,0.14551143,14.551144
2025-08-18 00:00:00+00:00,0.0,0.5208733,52.08733
2025-08-19 00:00:00+00:00,0.0,0.24238181,24.238182
2025-08-20 00:00:00+00:00,0.0,0.11048504,11.048504
2025-08-21 00:00:00+00:00,0.0,0.12405321,12.40532
2025-08-22 00:00:00+00:00,0.0,0.024780333,2.4780333
2025-08-23 00:00:00+00:00,0.0,0.04958122,4.9581223
2025-08-24 00:00:00+00:00,0.0,0.49233797,49.2338
2025-08-25 00:00:00+00:00,0.0,0.18349598,18.3496
2025-08-26 00:00:00+00:00,0.0,0.09665627,9.6656275
2025-08-27 00:00:00+00:00,0.0,0.34870222,34.870224
2025-08-28 00:00:00+00:00,0.0,0.34639296,34.639294
2025-08-29 00:00:00+00:00,0.0,0.5218889,52.188892
2025-08-30 00:00:00+00:00,0.0,0.24780798,24.780798
2025-08-31 00:00:00+00:00,0.0,0.5876924,58.76924
2025-09-01 00:00:00+00:00,0.0,0.37259886,37.259884
2025-09-02 00:00:00+00:00,0.0,0.3992573,39.925728
2025-09-03 00:00:00+00:00,0.0,0.44624957,44.624958
2025-09-04 00:00:00+00:00,0.0,0.62644607,62.644608
2025-09-05 00:00:00+00:00,0.0,0.53625363,53.625366
2025-09-06 00:00:00+00:00,0.0,0.48534802,48.5348
2025-09-07 00:00:00+00:00,0.0,0.8449655,84.49655
2025-09-08 00:00:00+00:00,0.0,0.50520545,50.52055
2025-09-09 00:00:00+00:00,0.0,0.31238577,31.238577
2025-09-10 00:00:00+00:00,0.0,0.8069326,80.69327
2025-09-11 00:00:00+00:00,0.0,0.36925206,36.925205
2025-09-12 00:00:00+00:00,0.0,0.36314154,36.31415
2025-09-13 00:00:00+00:00,0.0,0.8848922,88.48923
2025-09-14 00:00:00+00:00,0.0,0.15212157,15.212157
2025-09-15 00:00:00+00:00,0.0,0.08488744,8.488744
2025-09-16 00:00:00+00:00,0.0,0.0026680294,0.26680294
2025-09-17 00:00:00+00:00,0.0,0.037177276,3.7177277
2025-09-18 00:00:00+00:00,0.0,0.39236334,39.236332
2025-09-19 00:00:00+00:00,0.0,0.6338411,63.38411
2025-09-20 00:00:00+00:00,0.0,0.5179641,51.796413
2025-09-21 00:00:00+00:00,0.0,0.09321585,9.321586
2025-09-22 00:00:00+00:00,0.0,0.0693864,6.93864
2025-09-23 00:00:00+00:00,0.0,0.18443532,18.443533
2025-09-24 00:00:00+00:00,0.0,0.56857216,56.857212
2025-09-25 00:00:00+00:00,0.0,0.0294275,2.9427502
2025-09-26 00:00:00+00:00,0.0,0.14615528,14.615528
2025-09-27 00:00:00+00:00,0.0,0.82437605,82.4376
2025-09-28 00:00:00+00:00,0.0,0.71411365,71.41137
2025-09-29 00:00:00+00:00,0.0,0.160428,16.0428
2025-09-30 00:00:00+00:00,0.0,0.100253284,10.025329
2025-10-01 00:00:00+00:00,0.0,0.12520501,12.5205
2025-10-02 00:00:00+00:00,0.0,0.11336086,11.336086
2025-10-03 00:00:00+00:00,0.0,0.5394034,53.940334
2025-10-04 00:00:00+00:00,0.0,0.34799337,34.799335
2025-10-05 00:00:00+00:00,0.0,0.30571386,30.571388
2025-10-06 00:00:00+00:00,0.0,0.042514473,4.251447
2025-10-07 00:00:00+00:00,0.0,0.31105807,31.105806
2025-10-08 00:00:00+00:00,0.0,0.47133625,47.133625
2025-10-09 00:00:00+00:00,0.0,0.41820505,41.820507
2025-10-10 00:00:00+00:00,0.0,0.08901306,8.901306
2025-10-11 00:00:00+00:00,0.0,0.09328112,9.328112
2025-10-12 00:00:00+00:00,0.0,0.44997263,44.997265
2025-10-13 00:00:00+00:00,0.0,0.2139443,21.39443
2025-10-14 00:00:00+00:00,0.0,0.4322295,43.222946
2025-10-15 00:00:00+00:00,0.0,0.8138161,81.381615
2025-10-16 00:00:00+00:00,0.0,0.6105408,61.054077
2025-10-17 00:00:00+00:00,0.0,0.17960997,17.960999
2025-10-18 00:00:00+00:00,0.0,0.59449095,59.449093
2025-10-19 00:00:00+00:00,0.0,0.61042404,61.042404
2025-10-20 00:00:00+00:00,0.0,0.8096759,80.96758
2025-10-21 00:00:00+00:00,0.0,0.87919617,87.91962
2025-10-22 00:00:00+00:00,0.0,0.8226711,82.267105
2025-10-23 00:00:00+00:00,0.0,0.76827407,76.82741
2025-10-24 00:00:00+00:00,0.0,0.8573191,85.73191
2025-10-25 00:00:00+00:00,0.0,0.9635761,96.357605
2025-10-26 00:00:00+00:00,0.0,0.44927156,44.927155
2025-10-27 00:00:00+00:00,0.0,0.30478862,30.47886
2025-10-28 00:00:00+00:00,0.0,0.86545354,86.54536
2025-10-29 00:00:00+00:00,0.0,0.7404392,74.043915
2025-10-30 00:00:00+00:00,0.0,0.92887324,92.88733
2025-10-31 00:00:00+00:00,0.0,0.98812175,98.81217
2025-11-01 00:00:00+00:00,0.0,0.93847996,93.848
2025-11-02 00:00:00+00:00,0.0,0.6922466,69.22466
2025-11-03 00:00:00+00:00,0.0,0.38476273,38.476273
2025-11-04 00:00:00+00:00,0.0,0.78750443,78.75044
2025-11-05 00:00:00+00:00,0.0,0.8184605,81.846054
2025-11-06 00:00:00+00:00,0.0,0.6634151,66.34151
2025-11-07 00:00:00+00:00,0.0,0.72795004,72.795006
2025-11-08 00:00:00+00:00,0.0,0.34208724,34.20872
2025-11-09 00:00:00+00:00,0.0,0.6631561,66.31561
2025-11-10 00:00:00+00:00,0.0,0.91820425,91.82043
2025-11-11 00:00:00+00:00,0.0,0.8182637,81.82637
2025-11-12 00:00:00+00:00,0.0,0.8929332,89.29333
2025-11-13 00:00:00+00:00,0.0,0.9839626,98.39626
2025-11-14 00:00:00+00:00,0.0,0.8162782,81.62783
2025-11-15 00:00:00+00:00,0.0,0.7362998,73.62998
2025-11-16 00:00:00+00:00,0.0,0.78133816,78.13381
2025-11-17 00:00:00+00:00,0.0,0.6223931,62.239304
2025-11-18 00:00:00+00:00,0.0,0.07867143,7.867143
2025-11-19 00:00:00+00:00,0.0,0.6742606,67.42606
2025-11-20 00:00:00+00:00,0.0,0.061161865,6.1161866
2025-11-21 00:00:00+00:00,0.0,0.007822777,0.78227776
2025-11-22 00:00:00+00:00,0.0,0.4871076,48.71076
2025-11-23 00:00:00+00:00,0.0,0.92462116,92.46212
2025-11-24 00:00:00+00:00,0.0,0.9235037,92.35037
2025-11-25 00:00:00+00:00,0.0,0.29713538,29.713537
2025-11-26 00:00:00+00:00,0.0,0.20099853,20.099852
2025-11-27 00:00:00+00:00,0.0,0.066094235,6.609424
2025-11-28 00:00:00+00:00,0.0,0.261291,26.129099
2025-11-29 00:00:00+00:00,0.0,0.86949915,86.94991
2025-11-30 00:00:00+00:00,0.0,0.42125586,42.125584
2025-12-01 00:00:00+00:00,0.0,0.5405996,54.059963
2025-12-02 00:00:00+00:00,0.0,0.6234456,62.34456
2025-12-03 00:00:00+00:00,0.0,0.5358883,53.588833
2025-12-04 00:00:00+00:00,0.0,0.90957594,90.95759
2025-12-05 00:00:00+00:00,0.0,0.9155163,91.551636
2025-12-06 00:00:00+00:00,0.0,0.81637716,81.63771
2025-12-07 00:00:00+00:00,0.0,0.75237006,75.23701
2025-12-08 00:00:00+00:00,0.0,0.844409,84.4409
2025-12-09 00:00:00+00:00,0.0,0.8706985,87.069855
2025-12-10 00:00:00+00:00,0.0,0.7956148,79.561485
2025-12-11 00:00:00+00:00,0.0,0.87791854,87.79186
2025-12-12 00:00:00+00:00,0.0,0.99785596,99.78561
2025-12-13 00:00:00+00:00,0.0,0.34838283,34.838284
2025-12-14 00:00:00+00:00,0.0,0.17846906,17.846907
2025-12-15 00:00:00+00:00,0.0,0.90810776,90.81077
2025-12-16 00:00:00+00:00,0.0,0.75097275,75.09727
2025-12-17 00:00:00+00:00,0.0,0.61213547,61.213547
2025-12-18 00:00:00+00:00,0.0,0.78075814,78.07581
2025-12-19 00:00:00+00:00,0.0,0.78621083,78.621086
2025-12-20 00:00:00+00:00,0.0,0.8095441,80.954414
2025-12-21 00:00:00+00:00,0.0,0.7658703,76.58703
2025-12-22 00:00:00+00:00,0.0,0.72145295,72.1453
2025-12-23 00:00:00+00:00,0.0,0.6645384,66.453835
2025-12-24 00:00:00+00:00,0.0,0.5456844,54.568436
2025-12-25 00:00:00+00:00,0.0,0.36012295,36.012295
2025-12-26 00:00:00+00:00,0.0,0.38823435,38.823437
2025-12-27 00:00:00+00:00,0.0,0.55808586,55.80859
2025-12-28 00:00:00+00:00,0.0,0.55545217,55.545216
2025-12-29 00:00:00+00:00,0.0,0.19868012,19.868013
2025-12-30 00:00:00+00:00,0.0,0.44121376,44.121372
2025-12-31 00:00:00+00:00,0.0,0.5286528,52.86528
2026-01-01 00:00:00+00:00,0.0,0.97852063,97.85206
2026-01-02 00:00:00+00:00,0.0,0.98503834,98.503845
2026-01-03 00:00:00+00:00,0.0,0.9597838,95.978386
2026-01-04 00:00:00+00:00,0.0,0.5972548,59.72548
2026-01-05 00:00:00+00:00,0.0,0.14290448,14.290447
2026-01-06 00:00:00+00:00,0.0,0.26209602,26.209602
2026-01-07 00:00:00+00:00,0.0,0.8257985,82.57986
2026-01-08 00:00:00+00:00,0.0,0.8698123,86.98123
2026-01-09 00:00:00+00:00,0.0,0.6530116,65.30116
2026-01-10 00:00:00+00:00,0.0,0.6682515,66.82515
2026-01-11 00:00:00+00:00,0.0,0.8846566,88.46566
2026-01-12 00:00:00+00:00,0.0,0.96676046,96.67605
2026-01-13 00:00:00+00:00,0.0,0.86925644,86.92564
2026-01-14 00:00:00+00:00,0.0,0.68361944,68.361946
2026-01-15 00:00:00+00:00,0.0,0.9351546,93.51545
2026-01-16 00:00:00+00:00,0.0,0.76216596,76.2166
2026-01-17 00:00:00+00:00,0.0,0.62147087,62.147083
2026-01-18 00:00:00+00:00,0.0,0.43426272,43.426273
2026-01-19 00:00:00+00:00,0.0,0.4891765,48.91765
2026-01-20 00:00:00+00:00,0.0,0.9230749,92.30749
2026-01-21 00:00:00+00:00,0.0,0.91698647,91.69865
2026-01-22 00:00:00+00:00,0.0,0.8436966,84.36966
2026-01-23 00:00:00+00:00,0.0,0.71249723,71.24972
2026-01-24 00:00:00+00:00,0.0,0.78094053,78.094055
2026-01-25 00:00:00+00:00,0.0,0.85362786,85.362785
2026-01-26 00:00:00+00:00,0.0,0.9764991,97.64991
2026-01-27 00:00:00+00:00,0.0,0.8950245,89.50244
2026-01-28 00:00:00+00:00,0.0,0.9463584,94.63584
2026-01-29 00:00:00+00:00,0.0,0.88684195,88.6842
2026-01-30 00:00:00+00:00,0.0,0.71446514,71.44652
2026-01-31 00:00:00+00:00,0.0,0.76269656,76.26965
2026-02-01 00:00:00+00:00,0.0,0.99986696,99.986694
2026-02-02 00:00:00+00:00,0.0,0.85275286,85.27528
2026-02-03 00:00:00+00:00,0.0,0.93183905,93.1839
2026-02-04 00:00:00+00:00,0.0,0.9925669,99.25669
2026-02-05 00:00:00+00:00,0.0,0.7555692,75.55692
2026-02-06 00:00:00+00:00,0.0,0.73698205,73.698204
2026-02-07 00:00:00+00:00,0.0,0.7784799,77.84799
2026-02-08 00:00:00+00:00,0.0,0.8699245,86.992455
2026-02-09 00:00:00+00:00,0.0,0.9863448,98.63448
2026-02-10 00:00:00+00:00,0.0,0.9976036,99.76035
2026-02-11 00:00:00+00:00,0.0,0.9836571,98.365715
2026-02-12 00:00:00+00:00,0.0,0.8262736,82.62736
2026-02-13 00:00:00+00:00,0.0,0.757109,75.7109
2026-02-14 00:00:00+00:00,0.0,0.31691763,31.691763
2026-02-15 00:00:00+00:00,0.0,0.7755232,77.55232
2026-02-16 00:00:00+00:00,0.0,0.93643266,93.64327
2026-02-17 00:00:00+00:00,0.0,0.8932617,89.326164
2026-02-18 00:00:00+00:00,0.0,0.87803644,87.80364
2026-02-19 00:00:00+00:00,0.0,0.54773945,54.773945
2026-02-20 00:00:00+00:00,0.0,0.11952432,11.952432
2026-02-21 00:00:00+00:00,0.0,0.086725004,8.6725
2026-02-22 00:00:00+00:00,0.0,0.069402255,6.9402256
2026-02-23 00:00:00+00:00,0.0,0.5894751,58.947514
2026-02-24 00:00:00+00:00,0.0,0.500783,50.078304
2026-02-25 00:00:00+00:00,0.0,0.71805733,71.80573
2026-02-26 00:00:00+00:00,0.0,0.2525929,25.259287
2026-02-27 00:00:00+00:00,0.0,0.7855642,78.55642
