Ano,Mês,Tecnologia,Producao,Mes/Ano
2023,1,Eólica (kWh),1406324393.5,1/2023
2023,1,Fotovoltaica (kWh),27009411.75,1/2023
2023,1,Hídrica (kWh),155564009.25,1/2023
2023,1,Resto (kWh),187575074.75,1/2023
2023,2,Eólica (kWh),1166546630.25,2/2023
2023,2,Fotovoltaica (kWh),28065118.5,2/2023
2023,2,Hídrica (kWh),76708935.5,2/2023
2023,2,Resto (kWh),191981472.75,2/2023
2023,3,Eólica (kWh),1150472551.5,3/2023
2023,3,Fotovoltaica (kWh),36223674.5,3/2023
2023,3,Hídrica (kWh),72000741.25,3/2023
2023,3,Resto (kWh),251235231.25,3/2023
2023,4,Eólica (kWh),840754624.0,4/2023
2023,4,Fotovoltaica (kWh),44441097.75,4/2023
2023,4,Hídrica (kWh),43737904.25,4/2023
2023,4,Resto (kWh),228432833.5,4/2023
2023,5,Eólica (kWh),1115504203.5,5/2023
2023,5,Fotovoltaica (kWh),43872675.0,5/2023
2023,5,Hídrica (kWh),27134005.5,5/2023
2023,5,Resto (kWh),221350711.5,5/2023
2023,6,Eólica (kWh),645061547.25,6/2023
2023,6,Fotovoltaica (kWh),41353977.75,6/2023
2023,6,Hídrica (kWh),39331138.25,6/2023
2023,6,Resto (kWh),260129715.75,6/2023
2023,7,Eólica (kWh),901680451.5,7/2023
2023,7,Fotovoltaica (kWh),48513391.25,7/2023
2023,7,Hídrica (kWh),15804126.5,7/2023
2023,7,Resto (kWh),308945818.0,7/2023
2023,8,Eólica (kWh),974213876.75,8/2023
2023,8,Fotovoltaica (kWh),45176275.5,8/2023
2023,8,Hídrica (kWh),9670876.0,8/2023
2023,8,Resto (kWh),311588789.5,8/2023
2023,9,Eólica (kWh),714822829.25,9/2023
2023,9,Fotovoltaica (kWh),33804790.75,9/2023
2023,9,Hídrica (kWh),13110308.75,9/2023
2023,9,Resto (kWh),280960146.5,9/2023
2023,10,Eólica (kWh),1332435930.0,10/2023
2023,10,Fotovoltaica (kWh),25801147.0,10/2023
2023,10,Hídrica (kWh),58481114.5,10/2023
2023,10,Resto (kWh),271946393.0,10/2023
2023,11,Eólica (kWh),1345138131.65,11/2023
2023,11,Fotovoltaica (kWh),21564376.75,11/2023
2023,11,Hídrica (kWh),120245497.25,11/2023
2023,11,Resto (kWh),224566550.5,11/2023
2023,12,Eólica (kWh),1173144638.1,12/2023
2023,12,Fotovoltaica (kWh),18825345.75,12/2023
2023,12,Hídrica (kWh),120614655.5,12/2023
2023,12,Resto (kWh),276311534.0,12/2023
2024,1,Eólica (kWh),1197001822.75,1/2024
2024,1,Fotovoltaica (kWh),15362825.75,1/2024
2024,1,Hídrica (kWh),130458128.5,1/2024
2024,1,Resto (kWh),301822237.0,1/2024
2024,2,Eólica (kWh),1497062337.0,2/2024
2024,2,Fotovoltaica (kWh),19007292.25,2/2024
2024,2,Hídrica (kWh),124486718.25,2/2024
2024,2,Resto (kWh),341200949.233,2/2024
2024,3,Eólica (kWh),1562523028.75,3/2024
2024,3,Fotovoltaica (kWh),21374788.75,3/2024
2024,3,Hídrica (kWh),152455178.0,3/2024
2024,3,Resto (kWh),366886332.728,3/2024
2024,4,Eólica (kWh),1124686572.0,4/2024
2024,4,Fotovoltaica (kWh),29022721.5,4/2024
2024,4,Hídrica (kWh),119910052.25,4/2024
2024,4,Resto (kWh),402314456.75,4/2024
2024,5,Eólica (kWh),1052510410.25,5/2024
2024,5,Fotovoltaica (kWh),33264717.75,5/2024
2024,5,Hídrica (kWh),76244193.25,5/2024
2024,5,Resto (kWh),455706364.165015,5/2024
2024,6,Eólica (kWh),698611276.5,6/2024
2024,6,Fotovoltaica (kWh),30516409.0,6/2024
2024,6,Hídrica (kWh),36414062.25,6/2024
2024,6,Resto (kWh),423486858.265,6/2024
2024,7,Eólica (kWh),746143764.0,7/2024
2024,7,Fotovoltaica (kWh),38707091.5,7/2024
2024,7,Hídrica (kWh),18692832.0,7/2024
2024,7,Resto (kWh),412206528.635,7/2024
2024,8,Eólica (kWh),823131746.0,8/2024
2024,8,Fotovoltaica (kWh),35073937.75,8/2024
2024,8,Hídrica (kWh),12763531.25,8/2024
2024,8,Resto (kWh),410714693.118,8/2024
2024,9,Eólica (kWh),1022215051.5,9/2024
2024,9,Fotovoltaica (kWh),34145043.25,9/2024
2024,9,Hídrica (kWh),11320876.0,9/2024
2024,9,Resto (kWh),377958860.809,9/2024
2024,10,Eólica (kWh),1390080760.75,10/2024
2024,10,Fotovoltaica (kWh),18520512.75,10/2024
2024,10,Hídrica (kWh),63018198.25,10/2024
2024,10,Resto (kWh),332174593.651,10/2024
2024,11,Eólica (kWh),1411891968.25,11/2024
2024,11,Fotovoltaica (kWh),16003653.5,11/2024
2024,11,Hídrica (kWh),51295611.5,11/2024
2024,11,Resto (kWh),325982080.821,11/2024
2024,12,Eólica (kWh),1220165168.0,12/2024
2024,12,Fotovoltaica (kWh),19603343.0,12/2024
2024,12,Hídrica (kWh),43614968.25,12/2024
2024,12,Resto (kWh),359842212.055,12/2024
2025,1,Eólica (kWh),1738992657.0,1/2025
2025,1,Fotovoltaica (kWh),15539293.25,1/2025
2025,1,Hídrica (kWh),97669524.25,1/2025
2025,1,Resto (kWh),333732481.626,1/2025
2025,2,Eólica (kWh),871556066.448,2/2025
2025,2,Fotovoltaica (kWh),17588202.75,2/2025
2025,2,Hídrica (kWh),109801187.75,2/2025
2025,2,Resto (kWh),299163122.845,2/2025
2025,3,Eólica (kWh),1460404931.316,3/2025
2025,3,Fotovoltaica (kWh),22667093.5,3/2025
2025,3,Hídrica (kWh),126150148.25,3/2025
2025,3,Resto (kWh),343423019.231,3/2025
2025,4,Eólica (kWh),1134735295.0,4/2025
2025,4,Fotovoltaica (kWh),25034544.75,4/2025
2025,4,Hídrica (kWh),116765762.5,4/2025
2025,4,Resto (kWh),324304270.936,4/2025
2025,5,Eólica (kWh),701783510.5,5/2025
2025,5,Fotovoltaica (kWh),33911873.0,5/2025
2025,5,Hídrica (kWh),92245215.25,5/2025
2025,5,Resto (kWh),308381801.397,5/2025
2025,6,Eólica (kWh),666258494.75,6/2025
2025,6,Fotovoltaica (kWh),31238610.0,6/2025
2025,6,Hídrica (kWh),29140341.75,6/2025
2025,6,Resto (kWh),283770177.249,6/2025
2025,7,Eólica (kWh),940297424.25,7/2025
2025,7,Fotovoltaica (kWh),34575739.25,7/2025
2025,7,Hídrica (kWh),12928032.75,7/2025
2025,7,Resto (kWh),317415621.606,7/2025
2025,8,Eólica (kWh),776701861.25,8/2025
2025,8,Fotovoltaica (kWh),33089767.75,8/2025
2025,8,Hídrica (kWh),10811325.0,8/2025
2025,8,Resto (kWh),353264118.297,8/2025
2025,9,Eólica (kWh),1022581661.25,9/2025
2025,9,Fotovoltaica (kWh),28641006.75,9/2025
2025,9,Hídrica (kWh),7872854.75,9/2025
2025,9,Resto (kWh),343509498.729,9/2025
2025,10,Eólica (kWh),909100897.25,10/2025
2025,10,Fotovoltaica (kWh),21766573.25,10/2025
2025,10,Hídrica (kWh),11536743.25,10/2025
2025,10,Resto (kWh),314814490.33,10/2025
2025,11,Eólica (kWh),1332752946.73,11/2025
2025,11,Fotovoltaica (kWh),15917267.5,11/2025
2025,11,Hídrica (kWh),75696525.0,11/2025
2025,11,Resto (kWh),289984040.703,11/2025
2025,12,Eólica (kWh),1267621171.75,12/2025
2025,12,Fotovoltaica (kWh),12249562.0,12/2025
2025,12,Hídrica (kWh),119038961.25,12/2025
2025,12,Resto (kWh),334808597.611,12/2025
2026,1,Eólica (kWh),1808222072.129,1/2026
2026,1,Fotovoltaica (kWh),10844413.5,1/2026
2026,1,Hídrica (kWh),119050566.25,1/2026
2026,1,Resto (kWh),300090742.082,1/2026
2026,2,Eólica (kWh),1082682542.75,2/2026
2026,2,Fotovoltaica (kWh),5405881.25,2/2026
2026,2,Hídrica (kWh),73315101.75,2/2026
2026,2,Resto (kWh),151392664.25,2/2026
